day,mean_per1000,ci2.5_per1000,ci97.5_per1000
1,0.0,0.0,0.0
2,0.0,0.0,0.0
3,0.0,0.0,0.0
4,0.0,0.0,0.0
5,0.02035002035002035,0.0,0.21367521367521367
6,0.0407000407000407,0.0,0.42735042735042733
7,0.06105006105006104,0.0,0.42735042735042733
8,0.06105006105006104,0.0,0.42735042735042733
9,0.06105006105006104,0.0,0.42735042735042733
10,0.12210012210012208,0.0,0.42735042735042733
11,0.18315018315018314,0.0,0.641025641025641
12,0.20350020350020345,0.0,0.641025641025641
13,0.3052503052503052,0.0,0.8547008547008547
14,0.3866503866503867,0.0,0.8547008547008547
15,0.42735042735042744,0.0,1.2820512820512822
16,0.42735042735042744,0.0,1.2820512820512822
17,0.4477004477004478,0.0,1.2820512820512822
18,0.46805046805046807,0.0,1.2820512820512822
19,0.5698005698005699,0.0,1.2820512820512822
20,0.6105006105006107,0.0,1.2820512820512822
21,0.630850630850631,0.0,1.4957264957264957
22,0.6512006512006513,0.0,1.4957264957264957
23,0.7326007326007328,0.0,1.9230769230769234
24,0.8343508343508345,0.21367521367521367,2.136752136752137
25,0.9157509157509158,0.21367521367521367,2.136752136752137
26,0.9564509564509566,0.21367521367521367,2.136752136752137
27,0.9768009768009769,0.21367521367521367,2.136752136752137
28,0.9768009768009769,0.21367521367521367,2.136752136752137
29,0.9971509971509972,0.21367521367521367,2.350427350427351
30,1.0175010175010175,0.21367521367521367,2.350427350427351
31,1.037851037851038,0.21367521367521367,2.5641025641025643
32,1.0582010582010584,0.21367521367521367,2.5641025641025643
33,1.0582010582010584,0.21367521367521367,2.5641025641025643
34,1.0785510785510786,0.21367521367521367,2.5641025641025643
35,1.0785510785510786,0.21367521367521367,2.5641025641025643
36,1.1192511192511194,0.21367521367521367,2.5641025641025643
37,1.1599511599511598,0.21367521367521367,2.7777777777777777
38,1.2210012210012209,0.21367521367521367,2.7777777777777777
39,1.2210012210012209,0.21367521367521367,2.7777777777777777
40,1.241351241351241,0.21367521367521367,2.7777777777777777
41,1.2617012617012615,0.42735042735042733,2.7777777777777777
42,1.3227513227513223,0.42735042735042733,2.7777777777777777
43,1.3838013838013838,0.42735042735042733,2.7777777777777777
44,1.4652014652014653,0.42735042735042733,2.7777777777777777
45,1.4652014652014653,0.42735042735042733,2.7777777777777777
46,1.5466015466015466,0.42735042735042733,2.9914529914529915
47,1.5873015873015874,0.42735042735042733,2.9914529914529915
48,1.6280016280016283,0.42735042735042733,3.2051282051282053
49,1.6890516890516891,0.42735042735042733,3.418803418803419
50,1.7297517297517297,0.42735042735042733,3.418803418803419
51,1.851851851851852,0.42735042735042733,3.418803418803419
52,1.9536019536019538,0.42735042735042733,3.6324786324786325
53,2.055352055352055,0.42735042735042733,3.8461538461538463
54,2.1367521367521367,0.641025641025641,3.8461538461538463
55,2.1774521774521776,0.641025641025641,3.8461538461538463
56,2.2385022385022384,0.641025641025641,3.8461538461538463
57,2.2995522995522997,0.641025641025641,4.0598290598290605
58,2.4216524216524213,0.641025641025641,4.487179487179487
59,2.5030525030525026,0.641025641025641,4.487179487179487
60,2.564102564102564,0.8547008547008547,4.487179487179487
61,2.6455026455026447,0.8547008547008547,4.487179487179487
62,2.6862026862026855,0.8547008547008547,4.487179487179487
63,2.7676027676027672,0.8547008547008547,4.700854700854701
64,2.8490028490028485,0.8547008547008547,4.914529914529915
65,2.9304029304029307,1.0683760683760684,5.128205128205129
66,2.9304029304029307,1.0683760683760684,5.128205128205129
67,3.011803011803012,1.0683760683760684,5.128205128205129
68,3.1135531135531136,1.0683760683760684,5.555555555555555
69,3.154253154253155,1.2820512820512822,5.555555555555555
70,3.1949531949531953,1.2820512820512822,5.555555555555555
71,3.2763532763532766,1.2820512820512822,5.555555555555555
72,3.357753357753358,1.2820512820512822,5.555555555555555
73,3.398453398453399,1.2820512820512822,5.555555555555555
74,3.4391534391534386,1.4957264957264957,5.555555555555555
75,3.5409035409035403,1.4957264957264957,5.982905982905983
76,3.663003663003663,1.7094017094017093,5.982905982905983
77,3.785103785103785,1.7094017094017093,6.196581196581196
78,3.9275539275539266,1.7094017094017093,6.41025641025641
79,4.070004070004069,1.7094017094017093,6.837606837606837
80,4.09035409035409,1.7094017094017093,6.837606837606837
81,4.171754171754171,1.7094017094017093,7.051282051282051
82,4.293854293854293,1.7094017094017093,7.264957264957265
83,4.415954415954415,1.9230769230769234,7.478632478632479
84,4.538054538054538,1.9230769230769234,7.6923076923076925
85,4.619454619454619,2.136752136752137,7.6923076923076925
86,4.741554741554742,2.350427350427351,8.119658119658121
87,4.802604802604804,2.350427350427351,8.119658119658121
88,4.884004884004884,2.5641025641025643,8.119658119658121
89,5.026455026455026,2.5641025641025643,8.119658119658121
90,5.128205128205129,2.5641025641025643,8.119658119658121
91,5.250305250305251,2.5641025641025643,8.119658119658121
92,5.291005291005292,2.5641025641025643,8.119658119658121
93,5.413105413105414,2.7777777777777777,8.333333333333336
94,5.575905575905576,3.2051282051282053,8.547008547008549
95,5.698005698005698,3.2051282051282053,8.974358974358974
96,5.7997557997558,3.2051282051282053,8.974358974358974
97,5.942205942205942,3.4188034188034186,9.188034188034187
98,6.043956043956043,3.4188034188034186,9.615384615384617
99,6.1660561660561655,3.6324786324786325,9.82905982905983
100,6.247456247456246,3.6324786324786325,10.042735042735043
101,6.308506308506308,3.6324786324786325,10.256410256410255
102,6.430606430606431,3.6324786324786325,10.256410256410255
103,6.430606430606431,3.6324786324786325,10.256410256410255
104,6.654456654456655,3.6324786324786325,11.11111111111111
105,6.817256817256817,3.8461538461538467,11.11111111111111
106,6.939356939356938,3.8461538461538467,11.538461538461538
107,7.020757020757021,3.8461538461538467,11.538461538461538
108,7.224257224257224,4.0598290598290605,12.393162393162392
109,7.326007326007326,4.0598290598290605,12.606837606837606
110,7.570207570207569,4.0598290598290605,13.034188034188034
111,7.773707773707772,4.0598290598290605,13.46153846153846
112,7.916157916157916,4.0598290598290605,13.675213675213675
113,8.058608058608058,4.0598290598290605,14.102564102564102
114,8.14000814000814,4.0598290598290605,14.102564102564102
115,8.262108262108262,4.0598290598290605,14.316239316239315
116,8.445258445258444,4.273504273504273,14.316239316239315
117,8.547008547008549,4.487179487179487,14.316239316239315
118,8.811558811558811,4.487179487179487,14.529914529914528
119,8.852258852258853,4.487179487179487,14.529914529914528
120,8.954008954008955,4.487179487179487,14.529914529914528
121,9.116809116809117,4.487179487179487,14.957264957264957
122,9.299959299959298,4.487179487179487,14.957264957264957
123,9.38135938135938,4.487179487179487,14.957264957264957
124,9.544159544159545,4.700854700854702,14.957264957264957
125,9.706959706959708,4.700854700854702,15.170940170940172
126,9.849409849409849,4.914529914529915,15.384615384615385
127,10.093610093610092,5.341880341880342,15.384615384615385
128,10.276760276760275,5.555555555555555,15.5982905982906
129,10.398860398860396,5.555555555555555,16.23931623931624
130,10.5006105006105,5.555555555555555,16.23931623931624
131,10.663410663410662,5.555555555555555,16.452991452991455
132,10.826210826210824,5.555555555555555,16.666666666666668
133,10.907610907610906,5.555555555555555,16.88034188034188
134,11.029711029711027,5.555555555555555,17.307692307692307
135,11.11111111111111,5.555555555555555,17.521367521367523
136,11.212861212861213,5.555555555555555,17.73504273504274
137,11.396011396011396,5.769230769230769,17.73504273504274
138,11.497761497761498,5.769230769230769,17.73504273504274
139,11.599511599511603,5.769230769230769,18.162393162393165
140,11.660561660561664,5.769230769230769,18.162393162393165
141,11.823361823361822,5.769230769230769,18.37606837606838
142,11.945461945461943,5.769230769230769,18.58974358974359
143,12.14896214896215,5.769230769230769,19.017094017094017
144,12.332112332112331,5.982905982905983,19.230769230769234
145,12.535612535612534,5.982905982905983,19.444444444444443
146,12.596662596662597,5.982905982905983,19.65811965811966
147,12.820512820512821,6.196581196581196,20.085470085470085
148,13.003663003663002,6.196581196581196,20.299145299145298
149,13.288563288563287,6.196581196581196,20.726495726495727
150,13.451363451363452,6.6239316239316235,20.726495726495727
151,13.512413512413513,6.6239316239316235,20.726495726495727
152,13.695563695563695,6.6239316239316235,20.726495726495727
153,13.7973137973138,6.6239316239316235,21.153846153846153
154,13.939763939763939,6.6239316239316235,21.58119658119658
155,14.204314204314207,6.837606837606838,21.794871794871796
156,14.346764346764346,6.837606837606838,22.00854700854701
157,14.489214489214492,6.837606837606838,22.435897435897438
158,14.652014652014653,7.051282051282051,22.435897435897438
159,14.814814814814813,7.264957264957266,22.649572649572647
160,14.957264957264957,7.478632478632479,22.863247863247864
161,15.201465201465199,7.692307692307693,23.076923076923077
162,15.364265364265364,7.905982905982906,23.076923076923077
163,15.486365486365488,8.11965811965812,23.076923076923077
164,15.608465608465607,8.333333333333334,23.717948717948715
165,15.832315832315834,8.760683760683762,23.931623931623932
166,16.015466015466014,8.760683760683762,24.145299145299145
167,16.137566137566136,8.974358974358974,24.145299145299145
168,16.320716320716322,8.974358974358974,24.145299145299145
169,16.46316646316646,9.188034188034187,24.358974358974358
170,16.646316646316645,9.188034188034187,24.572649572649574
171,16.870166870166866,9.188034188034187,25.0
172,17.053317053317052,9.188034188034187,25.0
173,17.236467236467234,9.188034188034187,25.641025641025642
174,17.501017501017504,9.401709401709402,26.068376068376068
175,17.66381766381766,9.615384615384617,26.28205128205128
176,17.98941798941799,10.256410256410255,26.70940170940171
177,18.172568172568173,10.256410256410255,26.70940170940171
178,18.37606837606838,10.256410256410255,26.70940170940171
179,18.559218559218557,10.47008547008547,26.70940170940171
180,18.823768823768827,10.683760683760685,27.35042735042735
181,19.067969067969063,10.683760683760685,27.77777777777778
182,19.251119251119253,10.683760683760685,27.77777777777778
183,19.352869352869355,10.683760683760685,27.991452991452988
184,19.454619454619454,10.683760683760685,28.205128205128204
185,19.556369556369553,10.683760683760685,28.205128205128204
186,19.65811965811966,10.683760683760685,28.41880341880342
187,19.73951973951974,10.683760683760685,28.846153846153847
188,19.86161986161986,10.683760683760685,28.846153846153847
189,20.044770044770047,10.683760683760685,29.273504273504273
190,20.207570207570207,10.683760683760685,29.487179487179485
191,20.37037037037037,10.683760683760685,29.914529914529915
192,20.492470492470495,10.683760683760685,30.12820512820513
193,20.634920634920633,10.683760683760685,30.34188034188034
194,20.81807081807082,11.324786324786324,30.555555555555557
195,20.980870980870982,11.324786324786324,30.76923076923077
196,21.1029711029711,11.324786324786324,30.76923076923077
197,21.265771265771264,11.538461538461538,30.76923076923077
198,21.408221408221408,11.752136752136753,30.76923076923077
199,21.530321530321526,11.965811965811966,30.982905982905983
200,21.774521774521773,12.179487179487179,31.41025641025641
201,21.916971916971914,12.179487179487179,31.41025641025641
202,22.03907203907204,12.393162393162392,32.05128205128205
203,22.181522181522183,12.393162393162392,32.478632478632484
204,22.364672364672366,12.393162393162392,32.90598290598291
205,22.446072446072446,12.393162393162392,32.90598290598291
206,22.52747252747253,12.393162393162392,32.90598290598291
207,22.730972730972738,12.393162393162392,33.119658119658126
208,22.93447293447294,12.606837606837605,33.33333333333334
209,23.056573056573058,12.606837606837605,33.33333333333334
210,23.239723239723237,13.247863247863247,33.33333333333334
211,23.402523402523396,13.247863247863247,33.33333333333334
212,23.626373626373624,13.247863247863247,33.76068376068376
213,23.829873829873826,13.247863247863247,34.401709401709404
214,24.01302401302401,13.247863247863247,34.82905982905983
215,24.21652421652421,13.247863247863247,34.82905982905983
216,24.460724460724457,13.46153846153846,35.042735042735046
217,24.54212454212454,13.46153846153846,35.25641025641026
218,24.82702482702482,13.675213675213675,35.47008547008548
219,24.92877492877492,13.675213675213675,35.47008547008548
220,25.111925111925107,13.675213675213675,35.68376068376069
221,25.33577533577533,14.102564102564102,35.68376068376069
222,25.49857549857549,14.102564102564102,35.68376068376069
223,25.74277574277574,14.52991452991453,36.32478632478633
224,26.007326007326007,14.52991452991453,36.53846153846155
225,26.332926332926338,14.52991452991453,36.53846153846155
226,26.57712657712658,14.52991452991453,37.17948717948718
227,26.8009768009768,14.743589743589743,37.17948717948718
228,26.963776963776965,14.743589743589743,37.82051282051282
229,27.126577126577125,14.743589743589743,38.46153846153847
230,27.370777370777372,14.957264957264957,38.88888888888889
231,27.53357753357754,14.957264957264957,38.88888888888889
232,27.716727716727718,14.957264957264957,39.1025641025641
233,27.899877899877907,15.17094017094017,39.529914529914535
234,28.042328042328045,15.17094017094017,39.743589743589745
235,28.266178266178276,15.17094017094017,39.95726495726496
236,28.61212861212861,15.5982905982906,40.38461538461539
237,28.71387871387871,15.5982905982906,40.38461538461539
238,28.815628815628813,15.5982905982906,40.5982905982906
239,28.95807895807896,15.5982905982906,41.02564102564103
240,29.22262922262922,15.5982905982906,41.452991452991455
241,29.405779405779402,16.02564102564103,41.66666666666667
242,29.751729751729755,16.02564102564103,41.88034188034188
243,29.87382987382987,16.02564102564103,42.30769230769231
244,29.97557997557997,16.02564102564103,42.52136752136752
245,30.15873015873016,16.239316239316242,42.94871794871794
246,30.32153032153032,16.239316239316242,43.58974358974359
247,30.58608058608059,16.666666666666668,43.58974358974359
248,30.76923076923077,16.666666666666668,43.8034188034188
249,30.93203093203094,16.666666666666668,44.230769230769226
250,31.074481074481085,16.666666666666668,44.44444444444444
251,31.216931216931226,16.666666666666668,44.87179487179487
252,31.400081400081394,16.666666666666668,45.299145299145295
253,31.62393162393162,16.666666666666668,45.51282051282051
254,31.8070818070818,16.666666666666668,45.94017094017094
255,31.94953194953194,17.094017094017097,45.94017094017094
256,32.11233211233211,17.521367521367523,45.94017094017094
257,32.27513227513227,17.521367521367523,46.36752136752136
258,32.47863247863248,17.735042735042736,46.58119658119658
259,32.580382580382576,17.735042735042736,46.58119658119658
260,32.8042328042328,17.735042735042736,47.22222222222222
261,33.12983312983312,17.94871794871795,47.43589743589743
262,33.374033374033374,18.162393162393165,47.64957264957265
263,33.536833536833534,18.37606837606838,47.863247863247864
264,33.719983719983716,18.58974358974359,48.07692307692307
265,33.80138380138379,18.58974358974359,48.07692307692307
266,33.94383394383394,18.803418803418808,48.07692307692307
267,34.188034188034194,19.017094017094017,48.29059829059829
268,34.43223443223444,19.230769230769234,48.717948717948715
269,34.757834757834765,19.230769230769234,48.93162393162393
270,35.00203500203501,19.444444444444446,49.35897435897436
271,35.28693528693529,19.65811965811966,49.78632478632478
272,35.53113553113554,19.65811965811966,50.0
273,35.73463573463574,19.65811965811966,50.427350427350426
274,35.97883597883598,19.65811965811966,51.28205128205128
275,36.24338624338625,19.65811965811966,51.7094017094017
276,36.67073667073668,19.871794871794876,52.136752136752136
277,36.87423687423688,19.871794871794876,52.77777777777777
278,37.32193732193732,20.2991452991453,53.41880341880342
279,37.484737484737494,20.2991452991453,54.27350427350427
280,37.708587708587714,20.51282051282051,54.27350427350427
281,37.93243793243794,20.51282051282051,54.48717948717949
282,38.1969881969882,20.51282051282051,54.91452991452991
283,38.35978835978837,20.726495726495727,55.34188034188034
284,38.62433862433862,20.726495726495727,55.55555555555556
285,38.84818884818884,20.726495726495727,55.76923076923077
286,39.17378917378917,20.726495726495727,56.19658119658119
287,39.377289377289365,20.94017094017094,56.19658119658119
288,39.723239723239715,20.94017094017094,57.69230769230769
289,39.92673992673992,20.94017094017094,57.9059829059829
290,40.15059015059014,20.94017094017094,58.11965811965811
291,40.3947903947904,20.94017094017094,58.76068376068376
292,40.51689051689051,20.94017094017094,58.97435897435898
293,40.720390720390725,21.153846153846153,59.18803418803419
294,40.96459096459096,21.36752136752137,59.61538461538461
295,41.3105413105413,21.58119658119658,60.04273504273504
296,41.636141636141645,21.58119658119658,60.68376068376068
297,41.85999185999186,21.794871794871796,60.68376068376068
298,41.92104192104192,21.794871794871796,60.68376068376068
299,42.185592185592185,21.794871794871796,61.324786324786324
300,42.470492470492474,21.794871794871796,61.53846153846153
301,42.775742775742785,22.008547008547005,61.965811965811966
302,43.06064306064306,22.008547008547005,62.6068376068376
303,43.34554334554334,22.435897435897434,63.034188034188034
304,43.54904354904355,22.435897435897434,63.24786324786325
305,43.75254375254376,22.649572649572647,63.67521367521368
306,43.97639397639397,22.649572649572647,64.1025641025641
307,44.46479446479446,22.863247863247864,65.38461538461539
308,44.627594627594625,22.863247863247864,65.38461538461539
309,44.97354497354498,23.504273504273506,65.81196581196582
310,45.238095238095234,23.504273504273506,65.81196581196582
311,45.44159544159544,23.504273504273506,66.02564102564102
312,45.706145706145705,23.717948717948715,66.23931623931624
313,45.991045991045986,23.931623931623932,66.45299145299145
314,46.31664631664631,24.145299145299145,66.88034188034189
315,46.66259666259667,24.358974358974358,67.30769230769232
316,46.86609686609687,24.358974358974358,67.52136752136752
317,47.27309727309727,24.786324786324784,67.73504273504274
318,47.51729751729752,24.786324786324784,68.16239316239316
319,47.86324786324787,25.0,68.58974358974359
320,48.1888481888482,25.0,69.87179487179488
321,48.35164835164835,25.0,70.08547008547009
322,48.595848595848594,25.0,70.51282051282051
323,48.73829873829874,25.0,70.94017094017093
324,49.104599104599096,25.213675213675213,71.58119658119658
325,49.43019943019943,25.427350427350426,71.7948717948718
326,49.81684981684982,25.85470085470085,71.7948717948718
327,50.020350020350016,26.068376068376068,71.7948717948718
328,50.284900284900274,26.28205128205128,71.7948717948718
329,50.50875050875051,26.495726495726494,72.00854700854701
330,50.73260073260072,26.495726495726494,72.22222222222223
331,50.936100936100935,26.495726495726494,72.22222222222223
332,51.119251119251125,26.495726495726494,72.64957264957265
333,51.383801383801384,26.709401709401707,72.64957264957265
334,51.75010175010175,26.92307692307692,73.07692307692308
335,51.95360195360195,26.92307692307692,73.2905982905983
336,52.29955229955228,26.92307692307692,73.71794871794873
337,52.46235246235245,26.92307692307692,73.93162393162393
338,52.56410256410256,27.136752136752136,73.93162393162393
339,52.869352869352866,27.77777777777778,74.14529914529915
340,53.133903133903125,28.205128205128204,74.35897435897436
341,53.27635327635327,28.205128205128204,74.57264957264957
342,53.68335368335368,28.41880341880342,75.42735042735043
343,53.886853886853885,28.41880341880342,75.42735042735043
344,54.07000407000406,28.41880341880342,75.85470085470085
345,54.334554334554326,28.63247863247863,76.06837606837607
346,54.76190476190475,28.63247863247863,77.13675213675214
347,55.04680504680505,28.63247863247863,77.35042735042737
348,55.37240537240539,28.63247863247863,77.35042735042737
349,55.73870573870574,29.487179487179485,77.35042735042737
350,56.16605616605615,29.914529914529915,77.56410256410257
351,56.38990638990638,30.128205128205124,77.56410256410257
352,56.674806674806675,30.128205128205124,77.991452991453
353,57.00040700040701,30.555555555555557,78.2051282051282
354,57.34635734635735,30.769230769230774,78.2051282051282
355,57.509157509157504,30.769230769230774,78.2051282051282
356,57.83475783475784,30.769230769230774,78.63247863247864
357,57.97720797720798,30.769230769230774,79.05982905982907
358,58.262108262108256,30.769230769230774,79.91452991452992
359,58.54700854700856,31.1965811965812,80.34188034188035
360,58.791208791208796,32.05128205128205,80.76923076923077
361,59.03540903540904,32.26495726495727,80.98290598290599
362,59.36100936100935,32.26495726495727,81.62393162393164
363,59.64590964590963,32.26495726495727,81.83760683760684
364,59.86975986975987,32.26495726495727,81.83760683760684
365,60.25641025641025,32.26495726495727,82.26495726495727
366,60.52096052096052,32.478632478632484,82.47863247863248
367,60.64306064306064,32.478632478632484,82.47863247863248
368,60.866910866910864,32.478632478632484,82.90598290598291
369,61.15181115181115,32.69230769230769,83.54700854700855
370,61.396011396011396,32.69230769230769,83.97435897435898
371,61.64021164021163,32.90598290598291,84.4017094017094
372,61.965811965811966,32.90598290598291,84.4017094017094
373,62.291412291412286,33.11965811965812,85.04273504273505
374,62.43386243386242,33.11965811965812,85.25641025641025
375,62.800162800162795,33.11965811965812,85.47008547008548
376,63.06471306471307,33.11965811965812,85.8974358974359
377,63.24786324786324,33.547008547008545,85.8974358974359
378,63.59381359381359,33.76068376068376,86.75213675213675
379,63.96011396011398,33.97435897435898,87.39316239316238
380,64.28571428571429,34.18803418803419,87.39316239316238
381,64.52991452991454,34.18803418803419,87.6068376068376
382,64.81481481481481,34.18803418803419,88.03418803418802
383,65.03866503866504,34.61538461538461,88.03418803418802
384,65.30321530321532,34.82905982905983,88.03418803418802
385,65.50671550671552,34.82905982905983,88.24786324786325
386,65.73056573056574,35.47008547008547,88.46153846153845
387,65.97476597476596,35.68376068376068,88.88888888888889
388,66.28001628001628,36.111111111111114,89.1025641025641
389,66.46316646316647,36.111111111111114,89.1025641025641
390,66.72771672771673,36.32478632478633,89.31623931623932
391,67.09401709401708,36.32478632478633,89.74358974358975
392,67.37891737891736,36.32478632478633,90.38461538461539
393,67.74521774521774,36.75213675213676,90.59829059829059
394,67.989417989418,36.75213675213676,90.59829059829059
395,68.37606837606837,38.034188034188034,91.02564102564102
396,68.74236874236874,38.46153846153847,91.88034188034189
397,69.12901912901914,38.88888888888889,92.30769230769229
398,69.55636955636956,38.88888888888889,93.16239316239316
399,69.86161986161986,38.88888888888889,93.8034188034188
400,70.1058201058201,39.1025641025641,94.23076923076923
401,70.37037037037037,39.31623931623932,94.44444444444444
402,70.61457061457062,39.31623931623932,95.08547008547009
403,70.87912087912088,39.529914529914535,95.51282051282051
404,71.14367114367114,39.529914529914535,95.94017094017094
405,71.4896214896215,39.529914529914535,96.36752136752136
406,71.73382173382173,39.529914529914535,96.58119658119658
407,71.9169719169719,39.743589743589745,96.58119658119658
408,72.22222222222223,39.957264957264954,97.00854700854701
409,72.5885225885226,40.38461538461539,97.86324786324786
410,72.83272283272284,40.38461538461539,98.07692307692307
411,73.19902319902317,40.811965811965806,99.14529914529913
412,73.76882376882375,41.452991452991455,99.35897435897435
413,74.09442409442411,41.66666666666667,100.0
414,74.37932437932439,41.88034188034188,100.64102564102564
415,74.88807488807488,42.09401709401709,101.06837606837607
416,75.23402523402521,42.52136752136752,101.28205128205127
417,75.57997557997558,42.73504273504274,101.92307692307692
418,75.88522588522588,42.94871794871795,102.99145299145297
419,76.1090761090761,42.94871794871795,102.99145299145297
420,76.47537647537646,43.16239316239316,103.41880341880342
421,76.80097680097681,43.16239316239316,103.84615384615384
422,77.18762718762717,43.376068376068375,104.05982905982907
423,77.3911273911274,43.58974358974359,104.05982905982907
424,77.79812779812781,43.58974358974359,104.7008547008547
425,78.08302808302811,43.58974358974359,105.12820512820514
426,78.24582824582828,43.58974358974359,105.12820512820514
427,78.53072853072854,43.80341880341881,105.76923076923077
428,78.91737891737891,43.80341880341881,105.98290598290598
429,79.16157916157916,43.80341880341881,106.19658119658119
430,79.42612942612944,44.017094017094024,107.05128205128204
431,79.67032967032968,44.23076923076923,107.90598290598291
432,79.99592999593001,44.44444444444444,108.54700854700855
433,80.28083028083027,44.871794871794876,108.76068376068376
434,80.54538054538054,45.299145299145295,108.76068376068376
435,80.78958078958078,45.299145299145295,108.97435897435898
436,81.27798127798128,45.51282051282051,109.4017094017094
437,81.6849816849817,45.51282051282051,109.82905982905984
438,81.9088319088319,45.51282051282051,110.04273504273505
439,82.2954822954823,45.72649572649573,111.11111111111111
440,82.64143264143266,46.58119658119658,111.11111111111111
441,83.00773300773298,46.794871794871796,111.96581196581195
442,83.37403337403337,47.222222222222214,111.96581196581195
443,83.65893365893363,47.43589743589743,111.96581196581195
444,84.16768416768416,47.43589743589743,112.82051282051282
445,84.55433455433455,47.43589743589743,114.1025641025641
446,84.94098494098493,47.43589743589743,114.95726495726495
447,85.34798534798536,47.64957264957265,115.17094017094017
448,85.63288563288563,47.863247863247864,115.59829059829059
449,86.03988603988603,47.863247863247864,116.66666666666667
450,86.40618640618641,47.863247863247864,117.3076923076923
451,86.7114367114367,47.863247863247864,118.16239316239316
452,86.93528693528694,47.863247863247864,118.80341880341881
453,87.36263736263737,48.29059829059828,119.44444444444446
454,87.56613756613756,48.29059829059828,119.65811965811966
455,87.9120879120879,48.5042735042735,119.65811965811966
456,88.25803825803825,48.717948717948715,120.51282051282051
457,88.58363858363857,48.93162393162393,121.36752136752136
458,89.0923890923891,50.0,122.22222222222223
459,89.33658933658933,50.0,123.07692307692307
460,89.64183964183964,50.21367521367521,123.2905982905983
461,89.98778998778998,50.641025641025635,123.5042735042735
462,90.2930402930403,50.85470085470085,123.93162393162393
463,90.5779405779406,50.85470085470085,124.35897435897436
464,90.8017908017908,50.85470085470085,124.57264957264957
465,91.08669108669109,50.85470085470085,125.0
466,91.43264143264142,51.282051282051285,125.42735042735043
467,91.9210419210419,51.495726495726494,126.7094017094017
468,92.32804232804233,51.7094017094017,127.56410256410257
469,92.53154253154253,51.7094017094017,127.77777777777779
470,92.93854293854295,52.136752136752136,128.2051282051282
471,93.22344322344323,52.136752136752136,128.4188034188034
472,93.6100936100936,52.77777777777778,129.27350427350427
473,94.01709401709401,52.77777777777778,129.4871794871795
474,94.48514448514447,52.77777777777778,130.12820512820514
475,94.74969474969474,52.99145299145299,130.55555555555557
476,95.23809523809523,52.99145299145299,130.982905982906
477,95.60439560439562,53.63247863247863,130.982905982906
478,95.97069597069597,54.27350427350427,131.1965811965812
479,96.49979649979653,55.128205128205124,131.83760683760684
480,96.88644688644692,55.128205128205124,132.26495726495727
481,97.37484737484738,55.55555555555556,132.69230769230768
482,97.7818477818478,55.76923076923077,133.1196581196581
483,98.06674806674808,55.98290598290598,133.33333333333331
484,98.43304843304843,56.41025641025641,133.97435897435898
485,98.8196988196988,56.623931623931625,134.61538461538464
486,99.16564916564919,57.051282051282044,134.82905982905982
487,99.65404965404964,57.051282051282044,135.68376068376068
488,99.91859991859994,57.051282051282044,136.32478632478632
489,100.40700040700042,57.26495726495726,137.17948717948718
490,100.6919006919007,57.47863247863248,137.3931623931624
491,101.22100122100119,57.9059829059829,138.24786324786325
492,101.66870166870169,58.11965811965811,139.1025641025641
493,101.93325193325192,58.33333333333333,139.95726495726495
494,102.29955229955229,58.76068376068376,140.5982905982906
495,102.54375254375253,58.97435897435898,140.5982905982906
496,102.82865282865284,58.97435897435898,140.81196581196582
497,103.11355311355308,58.97435897435898,141.02564102564102
498,103.5002035002035,58.97435897435898,141.45299145299145
499,104.09035409035407,59.188034188034194,142.73504273504273
500,104.35490435490435,59.4017094017094,143.1623931623932
501,104.68050468050467,59.4017094017094,143.5897435897436
502,105.06715506715507,59.4017094017094,144.01709401709402
503,105.18925518925519,59.4017094017094,144.44444444444446
504,105.45380545380546,59.61538461538461,144.87179487179486
505,105.61660561660558,60.042735042735046,144.87179487179486
506,106.06430606430608,60.25641025641026,145.2991452991453
507,106.55270655270654,60.68376068376068,145.72649572649573
508,106.9190069190069,61.11111111111111,146.36752136752136
509,107.5091575091575,61.11111111111111,147.22222222222223
510,107.71265771265772,61.32478632478632,147.64957264957263
511,108.07895807895808,61.53846153846153,148.0769230769231
512,108.38420838420838,61.965811965811966,148.93162393162393
513,108.73015873015872,62.3931623931624,149.35897435897436
514,109.34065934065934,62.606837606837615,150.64102564102564
515,109.70695970695968,62.606837606837615,151.28205128205127
516,110.17501017501016,63.034188034188034,151.70940170940173
517,110.62271062271061,63.24786324786325,152.35042735042737
518,111.07041107041104,63.46153846153847,152.77777777777777
519,111.31461131461131,63.67521367521367,153.63247863247864
520,111.68091168091169,63.888888888888886,154.27350427350427
521,112.08791208791209,64.1025641025641,154.27350427350427
522,112.39316239316238,64.52991452991452,154.4871794871795
523,112.82051282051283,64.74358974358975,154.9145299145299
524,113.14611314611314,64.95726495726495,154.9145299145299
525,113.36996336996336,65.17094017094017,155.12820512820514
526,113.67521367521366,65.17094017094017,155.76923076923077
527,113.98046398046401,65.38461538461539,155.76923076923077
528,114.52991452991455,66.23931623931624,155.982905982906
529,114.91656491656494,66.23931623931624,156.1965811965812
530,115.1200651200651,66.45299145299145,156.4102564102564
531,115.48636548636549,66.45299145299145,156.62393162393164
532,115.91371591371593,66.88034188034189,157.26495726495727
533,116.23931623931627,67.09401709401709,157.26495726495727
534,116.70736670736675,67.52136752136752,157.6923076923077
535,117.03296703296708,67.52136752136752,157.6923076923077
536,117.52136752136754,68.37606837606837,158.11965811965814
537,117.96906796906799,68.37606837606837,158.54700854700855
538,118.1929181929182,68.58974358974359,159.4017094017094
539,118.57956857956862,68.80341880341881,160.04273504273505
540,119.14936914936916,69.01709401709402,160.47008547008548
541,119.57671957671958,69.23076923076923,161.11111111111111
542,119.90231990231992,70.2991452991453,161.53846153846155
543,120.26862026862025,70.2991452991453,161.96581196581195
544,120.81807081807085,70.51282051282051,163.03418803418805
545,121.20472120472121,70.72649572649573,163.24786324786322
546,121.59137159137155,71.5811965811966,163.88888888888886
547,122.01872201872203,72.00854700854701,164.1025641025641
548,122.32397232397233,72.00854700854701,164.31623931623932
549,122.64957264957266,72.00854700854701,164.95726495726495
550,123.01587301587303,72.22222222222223,165.5982905982906
551,123.42287342287342,72.43589743589743,165.5982905982906
552,123.7281237281237,72.86324786324786,166.8803418803419
553,124.07407407407408,73.07692307692307,167.73504273504273
554,124.5421245421245,73.5042735042735,167.73504273504273
555,124.90842490842492,73.71794871794873,168.37606837606836
556,125.37647537647536,73.93162393162393,168.8034188034188
557,125.76312576312577,75.0,169.44444444444446
558,126.19047619047622,75.64102564102564,170.0854700854701
559,126.65852665852665,75.85470085470087,170.5128205128205
560,127.0655270655271,76.28205128205127,171.15384615384616
561,127.51322751322753,76.28205128205127,171.5811965811966
562,127.87952787952788,76.7094017094017,172.008547008547
563,128.2865282865283,77.13675213675214,172.43589743589743
564,128.65282865282865,78.2051282051282,172.64957264957263
565,128.95807895807897,78.4188034188034,173.0769230769231
566,129.4871794871795,78.4188034188034,173.5042735042735
567,129.8127798127798,78.84615384615384,173.93162393162396
568,130.05698005698008,79.05982905982906,173.93162393162396
569,130.50468050468052,79.27350427350427,174.78632478632477
570,130.8099308099308,79.70085470085469,175.0
571,131.27798127798127,79.91452991452991,175.85470085470087
572,131.64428164428168,80.12820512820512,176.06837606837607
573,132.0919820919821,80.34188034188034,176.7094017094017
574,132.4175824175824,80.34188034188034,176.9230769230769
575,132.78388278388277,80.55555555555554,177.35042735042737
576,133.06878306878306,80.76923076923077,177.77777777777777
577,133.53683353683354,81.1965811965812,178.4188034188034
578,134.08628408628405,81.41025641025641,179.27350427350427
579,134.57468457468457,82.05128205128204,179.7008547008547
580,134.96133496133496,82.47863247863248,179.9145299145299
581,135.34798534798537,82.47863247863248,180.98290598290598
582,135.7142857142857,82.90598290598291,181.19658119658118
583,136.22303622303622,83.11965811965813,181.6239316239316
584,136.75213675213675,83.54700854700855,182.05128205128204
585,137.24053724053724,83.76068376068376,182.9059829059829
586,137.5254375254375,83.76068376068376,182.9059829059829
587,137.93243793243792,83.76068376068376,183.33333333333331
588,138.40048840048837,84.18803418803418,183.33333333333331
589,138.78713878713882,84.82905982905983,183.33333333333331
590,139.33658933658933,85.47008547008548,184.18803418803418
591,139.58078958078954,85.68376068376068,184.18803418803418
592,139.96743996743993,86.11111111111111,184.6153846153846
593,140.37444037444038,86.53846153846153,185.04273504273505
594,140.67969067969068,86.75213675213675,185.25641025641028
595,141.005291005291,86.75213675213675,185.8974358974359
596,141.37159137159136,87.17948717948718,186.32478632478632
597,141.94139194139194,87.3931623931624,186.96581196581195
598,142.3076923076923,87.3931623931624,186.96581196581195
599,142.71469271469272,87.3931623931624,187.82051282051282
600,143.16239316239313,87.82051282051282,188.03418803418805
601,143.52869352869354,88.03418803418803,188.67521367521368
602,143.9153439153439,88.46153846153845,189.31623931623932
603,144.32234432234432,88.46153846153845,189.74358974358972
604,144.60724460724458,88.67521367521368,189.95726495726495
605,145.03459503459504,88.88888888888889,189.95726495726495
606,145.44159544159544,88.88888888888889,189.95726495726495
607,145.92999592999593,89.31623931623932,190.38461538461536
608,146.23524623524622,89.52991452991452,191.02564102564102
609,146.6015466015466,89.95726495726495,191.23931623931622
610,147.02889702889703,90.17094017094017,191.45299145299145
611,147.61904761904762,90.17094017094017,191.88034188034192
612,148.02604802604802,90.17094017094017,192.0940170940171
613,148.57549857549859,90.59829059829059,192.94871794871796
614,148.92144892144896,90.8119658119658,193.1623931623932
615,149.40984940984941,91.23931623931624,194.01709401709402
616,149.8168498168498,91.66666666666666,194.23076923076923
617,150.34595034595034,92.52136752136752,194.44444444444446
618,150.8140008140008,93.58974358974359,194.87179487179486
619,151.20065120065118,93.8034188034188,195.72649572649573
620,151.66870166870166,94.01709401709402,196.15384615384616
621,152.07570207570208,94.01709401709402,196.36752136752136
622,152.40130240130242,94.44444444444444,196.79487179487177
623,152.74725274725276,95.08547008547009,197.43589743589743
624,153.17460317460316,95.2991452991453,198.07692307692307
625,153.74440374440377,96.5811965811966,198.71794871794873
626,154.2735042735043,97.22222222222223,199.14529914529913
627,154.9043549043549,97.43589743589743,199.7863247863248
628,155.3317053317053,97.64957264957265,200.42735042735046
629,155.79975579975581,97.64957264957265,201.06837606837607
630,156.28815628815627,97.64957264957265,201.28205128205127
631,156.7765567765568,98.2905982905983,201.4957264957265
632,157.00040700040705,98.2905982905983,201.70940170940173
633,157.2649572649573,98.5042735042735,201.70940170940173
634,157.71265771265772,98.71794871794872,202.35042735042737
635,158.03825803825802,98.93162393162393,202.77777777777777
636,158.36385836385836,99.14529914529915,202.991452991453
637,158.7098087098087,99.14529914529915,203.2051282051282
638,158.97435897435903,99.14529914529915,203.2051282051282
639,159.5034595034595,100.0,203.84615384615384
640,160.01221001221,100.21367521367522,204.27350427350427
641,160.41921041921037,100.64102564102564,204.27350427350427
642,160.9279609279609,101.4957264957265,205.34188034188034
643,161.2942612942613,101.7094017094017,205.76923076923077
644,161.7216117216117,101.92307692307692,206.4102564102564
645,162.18966218966222,102.35042735042734,207.26495726495727
646,162.57631257631255,102.77777777777777,207.69230769230768
647,163.12576312576311,103.2051282051282,208.33333333333334
648,163.45136345136348,103.4188034188034,208.33333333333334
649,163.8380138380138,104.91452991452991,208.54700854700855
650,164.1025641025641,104.91452991452991,209.18803418803418
651,164.5095645095645,105.76923076923077,209.4017094017094
652,164.7944647944648,105.98290598290598,209.4017094017094
653,165.09971509971513,105.98290598290598,209.82905982905982
654,165.4049654049654,106.83760683760684,210.04273504273505
655,165.79161579161578,107.69230769230768,210.04273504273505
656,166.34106634106632,108.33333333333333,210.04273504273505
657,166.74806674806678,108.76068376068375,210.47008547008548
658,167.05331705331704,108.76068376068375,210.47008547008548
659,167.37891737891738,108.97435897435898,211.1111111111111
660,167.7452177452177,109.40170940170938,211.53846153846155
661,168.29466829466833,110.25641025641025,211.96581196581195
662,168.72201872201873,110.47008547008545,212.6068376068376
663,169.27146927146927,111.32478632478634,213.88888888888886
664,169.63776963776962,111.53846153846155,214.31623931623932
665,170.06512006512006,111.75213675213675,214.74358974358972
666,170.53317053317053,111.96581196581197,215.3846153846154
667,170.87912087912088,112.3931623931624,215.5982905982906
668,171.28612128612127,112.82051282051282,216.23931623931625
669,171.63207163207161,112.82051282051282,216.23931623931625
670,172.14082214082214,113.24786324786325,217.30769230769232
671,172.50712250712252,113.46153846153845,217.94871794871796
672,172.85307285307286,113.46153846153845,218.5897435897436
673,173.34147334147335,113.88888888888889,219.23076923076923
674,173.72812372812373,114.31623931623932,219.65811965811966
675,174.17582417582418,114.74358974358974,220.2991452991453
676,174.52177452177452,114.74358974358974,220.2991452991453
677,174.92877492877494,115.17094017094017,221.15384615384613
678,175.43752543752547,115.38461538461537,222.008547008547
679,175.84452584452586,116.45299145299147,222.64957264957263
680,176.35327635327636,117.30769230769232,223.29059829059833
681,176.7195767195767,117.73504273504275,223.50427350427353
682,177.08587708587706,117.94871794871796,223.71794871794873
683,177.63532763532763,118.16239316239316,224.35897435897436
684,177.96092796092793,118.16239316239316,224.5726495726496
685,178.4696784696785,118.80341880341881,225.21367521367523
686,178.95807895807897,119.44444444444443,225.85470085470087
687,179.34472934472936,119.65811965811966,225.85470085470087
688,179.85347985347985,120.2991452991453,226.4957264957265
689,180.1180301180301,120.2991452991453,226.4957264957265
690,180.5250305250305,120.72649572649573,227.35042735042737
691,180.78958078958078,120.94017094017093,227.35042735042737
692,181.1965811965812,121.36752136752136,227.991452991453
693,181.7053317053317,121.58119658119658,229.05982905982904
694,182.11233211233207,122.22222222222221,229.05982905982904
695,182.43793243793243,122.22222222222221,229.4871794871795
696,182.90598290598288,122.64957264957266,229.9145299145299
697,183.33333333333334,122.86324786324786,230.55555555555554
698,183.7403337403337,123.2905982905983,231.4102564102564
699,184.22873422873423,123.2905982905983,232.4786324786325
700,184.57468457468454,123.5042735042735,232.6923076923077
701,184.9002849002849,123.5042735042735,232.9059829059829
702,185.2869352869353,123.5042735042735,233.11965811965814
703,185.61253561253562,123.71794871794873,233.54700854700855
704,186.06023606023606,123.93162393162393,233.76068376068378
705,186.4875864875865,123.93162393162393,234.82905982905982
706,186.9149369149369,124.57264957264957,235.47008547008545
707,187.26088726088724,125.42735042735042,235.8974358974359
708,187.81033781033778,126.28205128205127,237.17948717948718
709,188.05453805453803,126.4957264957265,237.3931623931624
710,188.3801383801384,126.4957264957265,237.82051282051282
711,188.7260887260887,126.7094017094017,238.03418803418805
712,189.1330891330891,127.13675213675212,238.88888888888889
713,189.54008954008955,127.99145299145299,239.31623931623932
714,189.96743996743996,129.05982905982907,240.17094017094018
715,190.31339031339027,129.27350427350427,240.5982905982906
716,190.82214082214082,130.12820512820514,241.23931623931622
717,191.24949124949126,130.12820512820514,241.8803418803419
718,191.53439153439152,130.55555555555557,242.73504273504273
719,191.90069190069187,130.76923076923077,243.1623931623932
720,192.34839234839234,130.76923076923077,243.5897435897436
721,192.9181929181929,131.1965811965812,243.5897435897436
722,193.32519332519334,131.4102564102564,244.01709401709402
723,193.85429385429387,131.83760683760684,244.65811965811966
724,194.17989417989418,132.05128205128204,244.87179487179486
725,194.7089947089947,132.6923076923077,245.29914529914532
726,195.0956450956451,132.9059829059829,245.29914529914532
727,195.40089540089542,133.33333333333331,245.29914529914532
728,195.86894586894587,133.33333333333331,245.94017094017096
729,196.35734635734636,133.76068376068375,246.5811965811966
730,196.66259666259663,134.6153846153846,246.5811965811966
